Re,42004
es,2689399
su,644896
um,243444
mp,522995
pt,154215
ti,2959985
io,2223800
on,4031867
n ,4552174
 o,3404708
of,1899041
f ,1989488
 t,8371896
th,6767949
he,5246700
e ,9781272
 s,2298508
se,1541361
ss,942507
si,1387777
"n
",1266
I ,555666
 d,1210832
de,1401363
ec,1094210
cl,263596
la,774133
ar,1997688
re,4002399
 r,1496417
me,1750361
ed,1644018
d ,3602746
 E,577928
Eu,414289
ur,1489142
ro,1747485
op,1021552
pe,1159964
ea,1466786
an,3621392
 P,406401
Pa,167764
rl,276131
li,1267536
ia,686124
am,590803
en,3097968
nt,2473040
t ,4666710
 a,5437307
ad,532234
dj,5418
jo,79864
ou,1824942
rn,277038
ne,1084748
 F,82287
Fr,30335
ri,1213234
id,592188
da,288570
ay,325156
y ,2410508
 1,106222
17,5029
7 ,15279
 D,72873
De,40098
ce,1110403
em,899756
mb,275749
be,1282518
er,3164329
r ,2340890
19,34578
99,31050
"9,",4856
", ",2671892
nd,2315546
 I,438821
 w,2639183
wo,456092
ul,821220
ld,512026
 l,762366
ik,121163
ke,484150
nc,897282
ag,394809
ga,288002
ai,530102
in,4345410
to,2144737
o ,2383583
wi,758363
is,2759917
sh,453951
h ,1083294
 y,264262
yo,190721
u ,123318
a ,1012966
 h,1226348
ha,2107085
ap,295576
pp,344389
py,8768
 n,986894
ew,198721
w ,332894
ye,132174
 i,3572002
ho,700579
at,3188362
 e,1135153
nj,9457
oy,54348
 p,1975439
pl,520535
le,1396754
as,1326301
sa,427918
 f,1708739
fe,321650
st,1744047
iv,531053
ve,1776708
od,281125
d.,145892
".
",1890496
Al,29952
lt,219365
ug,155892
gh,346827
"h,",44360
s ,5491226
il,840463
ll,1081393
l ,1677989
av,481188
ee,802717
"n,",254603
dr,101320
 ',38246
'm,1152
mi,762826
nn,129979
ni,743330
iu,16668
m ,509013
 b,1810568
bu,275341
g',2402
' ,67624
fa,254061
 m,1412121
ma,770345
te,2139241
al,2089459
"e,",379743
eo,118200
nu,126003
 c,2168394
co,1571307
un,790028
tr,771800
ie,704926
uf,26713
ff,270006
na,669241
tu,421163
ra,1160132
di,746795
rs,645627
ru,199190
ly,805684
we,791250
df,2160
fu,225909
l.,58675
Yo,15626
eq,102566
qu,239290
ue,307880
eb,79589
ba,257822
hi,1338977
ub,144984
bj,55186
je,90204
ct,895452
ex,364121
xt,111793
ys,112648
"s,",500787
du,263631
ng,1659851
g ,1270026
pa,444061
rt,909335
t-,27764
-s,21572
n.,203079
In,137761
im,582497
ob,203926
bs,77238
rv,91196
ut,745765
e',26310
 M,426740
Me,152467
"d,",188320
eh,55384
lf,73961
 v,357059
vi,469230
ic,1362873
ms,156745
cu,330997
os,535532
rr,188325
ib,195435
bl,454527
or,2440729
rm,284281
va,159279
us,895718
 U,187113
Un,163304
Pl,5103
fo,991363
e.,298594
(T,4198
Th,518965
 H,74081
Ho,73370
e),7888
")
",17293
Ma,71125
Pr,208898
"t,",385969
po,1094012
oi,171697
rd,341090
r.,82737
aw,89038
wa,386163
fr,271516
om,1250504
pr,1093880
el,859833
ev,522852
bo,247472
b ,11790
xp,106521
lo,500900
ns,1111558
 k,96544
ki,156419
gs,60621
 S,287747
Sr,926
i ,23724
 L,65217
La,25869
nk,129858
ka,23258
a.,37665
On,32504
ry,414951
tl,169858
Mr,232666
 K,34248
Ku,2383
Po,26740
"m,",38411
wh,686811
it,2231362
 j,117812
ju,82108
mo,519298
hs,18058
go,205271
o.,23281
Wo,13710
"u,",12628
wr,23506
et,682435
tt,261363
t',20808
's,126790
eg,390916
gr,419585
ot,837400
ol,591272
 u,454143
rg,199400
gi,279313
do,344167
yt,15860
ca,782686
ek,33651
k ,302052
ac,719030
ef,360022
ci,713219
if,277650
fi,500605
ua,238267
n?,6471
"?
",60219
Ye,7987
Ev,8741
ty,448900
yp,19154
gg,23855
ge,592011
ir,484256
If,27722
dv,27282
ab,419901
 R,96429
Ru,30084
14,7758
43,1460
3 ,15357
dm,72619
bi,165368
y.,166784
My,10528
 q,112753
so,676836
up,270580
p ,185475
 T,117667
hu,87071
sd,6870
ch,811448
 C,580913
Cu,7705
nh,15797
ep,355120
mu,290839
 g,522687
gu,160675
ui,138061
og,166046
mm,539754
ta,1166709
ph,60509
 6,11459
6 ,14064
uo,12511
uc,336288
ei,263849
fl,66621
ts,715556
It,130890
sp,353365
pi,130068
ip,109030
cy,177104
bv,10542
kn,59272
no,844172
ow,484955
sl,86376
"l,",88464
"y,",260087
i.,4207
.e,1997
. ,87853
t.,206971
r',11125
nf,140103
Te,5351
xa,50926
 A,173988
Am,31649
"a,",44732
xe,26257
 3,24490
34,1603
4 ,13668
r-,12865
-o,8684
h.,24082
 W,45713
We,160035
Hi,5420
ck,122275
ks,66633
s.,468047
At,18277
"r,",187696
 Z,4533
Zi,2004
lr,36443
dy,66209
ny,138604
ig,403268
gn,99891
lu,219860
ud,156916
my,100950
f.,7225
sk,72631
cc,170036
by,272864
Co,498250
ak,277630
ht,213896
 G,115104
Go,21150
ov,343428
 B,107146
Bu,41350
mn,9119
lw,19509
Se,40291
"i,",7275
gl,65405
dl,56024
wn,77431
 N,64999
Ni,5930
cq,5015
oo,265214
"o,",42523
nv,137843
nm,90575
No,48613
"w,",32392
au,184046
pu,147703
c ,228354
g.,53937
cr,290314
vo,173811
lv,68815
Ba,30910
hy,51143
af,117131
ft,82055
Sc,13442
hr,88611
oe,57561
dt,3319
ok,49294
ls,306222
tw,115868
Fi,40131
Du,8689
tc,22988
ws,33434
xi,46788
ij,4396
j-,413
-v,1621
 Q,4022
Qu,7132
ae,14796
s',32510
dn,4611
dh,2712
s?,14048
Wh,46143
d?,4469
He,23347
Sa,15044
98,9272
8?,47
Br,21159
St,153667
sb,20062
rc,142273
t?,7260
o-,23694
sm,93104
sg,2361
Ly,450
yn,7044
ey,167821
Dí,266
íe,122
ez,6462
z ,5150
nz,2862
zá,565
ál,630
 V,22257
Vi,9290
e-,32160
-P,4706
Sp,14125
ds,197340
sw,18628
o',3415
oc,317066
AB,325
BC,434
C ,7144
18,5509
8 ,14916
Be,25562
Fu,22533
sc,132702
y',17621
aj,31117
To,23884
So,44174
EU,108298
U ,72702
As,50065
e?,9888
Ag,19694
"a
",572
13,9337
 J,36576
Ja,11098
11,11141
10,20480
0 ,58755
Mo,28759
Tu,22403
y:,5307
":
",4714
Gr,47525
ró,866
ón,1049
Cr,8253
n',45684
tm,49349
Tr,41314
Ju,19095
iz,78640
ze,79052
15,10750
5 ,23551
 -,148849
- ,151431
fy,19582
Ei,872
Ac,10746
Gi,4898
"g,",49333
lp,31797
ps,53333
Fe,7607
br,75579
-e,11889
rw,31238
ox,8259
n:,6528
: ,69217
wl,13907
dg,66718
(A,8901
Ap,10064
PS,2493
SE,5968
E ,12752
p),118
dd,58417
oa,76993
 2,107094
20,95647
00,107180
"0,",7292
(P,9147
ej,12965
t),1579
) ,60519
ax,26362
x.,1656
PP,4066
PE,4213
E-,2471
-D,2738
DE,10937
Is,17975
rk,241071
x ,26396
Wu,546
tz,2975
c.,8389
rf,19435
xc,43656
EL,2649
LD,2136
DR,862
R ,15612
"x,",2140
k.,19240
p',1415
hd,5234
16,5205
64,821
66,1016
 7,10160
s),5328
? ,1283
" """,5386
"""i",224
"r""",135
""" ",2774
 .,16419
..,6665
p.,20095
"f,",10772
Hä,277
än,634
Mi,31749
Of,18352
w',1155
-c,16595
u?,108
d),1150
"s
",4723
 (,54649
A5,2533
5-,6207
-0,13754
01,24259
05,7857
5/,2593
/1,1719
9),1728
Ko,11866
nl,125861
(C,8300
C5,1598
02,14432
08,6928
8/,2862
9 ,13520
/0,3071
06,7711
6(,511
CO,8079
OD,1237
D),1185
)),2243
).,6053
yi,46779
lc,30229
l',8412
Di,17371
 9,9507
96,6204
6/,2672
/3,573
35,2824
/E,3610
EC,15308
"C,",1317
a),742
d;,3443
; ,47307
b),295
c),227
n;,4856
Ou,9957
sf,25563
sy,68776
By,4693
Au,14361
Ta,7542
oj,21893
l-,11499
-t,18534
gt,20124
Lo,5245
Er,2384
hl,21684
eu,59919
ix,12754
hn,35670
bm,8325
Ne,16871
AD,911
"R,",464
lg,12204
gy,68987
Or,7165
Ea,11986
ja,3730
 5,17830
50,10916
0%,10800
% ,26370
pm,57496
1 ,21873
IS,2639
SO,767
O ,10024
90,4342
2 ,20423
Wi,17762
"1,",5071
rp,45061
95,4720
"8,",4360
kl,17308
d:,4654
y-,12105
Sw,9927
Ge,25015
Sh,5208
Ra,6155
"k,",21292
l;,1411
"p,",14923
Ve,6118
Si,13200
sr,12895
bt,23590
m.,46206
12,11576
.m,4887
"d
",551
04,8624
4/,2575
94,2747
/5,294
55,1625
 [,1319
[C,521
OM,3287
M(,1950
(1,2095
58,990
9/,2825
83,788
3(,749
)],892
].,450
97,7589
"7,",4460
CE,2958
EN,2209
"N,",698
N',299
b.,1302
N ,8901
tp,3473
y;,4310
9.,4109
Tw,1906
A ,25578
uu,855
-2,4073
0º,12
ºC,27
C.,955
h',1306
-r,10940
 O,31083
-4,216
40,6305
rb,21846
"U,",5431
ao,4395
Ar,23862
Va,4637
Na,15057
Ec,7973
Fo,36844
r:,3602
Oc,4718
N),313
 z,4765
 4,16871
cs,15932
hm,11496
a',7033
oh,23692
0-,1730
)3,21
44,1448
22,3793
2/,2820
/2,10766
21,5035
27,4691
7(,858
OS,2227
S),4838
Ki,7035
gd,4764
Wa,8426
Ob,4181
s;,12464
7.,3464
UK,4596
K ,3755
nq,3767
An,28744
ih,1538
Ex,6091
En,12893
Fl,2532
Em,3613
ym,44192
Af,33726
s:,19592
xo,772
lm,16512
5.,4248
.5,2945
5%,4555
1s,1059
i-,8479
-f,10581
n-,38908
-a,7106
rh,19675
Sm,1228
m-,6814
Le,25519
Ha,12771
f-,7640
-M,2984
tn,24595
US,11418
S ,12479
wt,16252
fw,220
d-,10029
-u,5859
U.,6905
SM,4989
ME,11392
Es,7378
El,2370
-d,10567
mf,3196
Ci,4620
25,7671
g:,3020
dw,5040
pg,715
Su,18665
Ke,2024
89,1553
93,2202
"3,",5035
zo,7851
-l,6648
g-,9896
Mc,2309
cC,1195
Ca,20085
ié,257
é ,1902
Pe,17531
03,9330
3.,4507
"6,",4433
Pu,5234
Ov,2298
-m,11127
-i,15480
"""v",24
"y""",310
-g,4354
-w,5060
-b,13335
h-,7822
"""h",102
"p""",29
""".",557
Li,28989
s-,12889
Az,1754
kw,1197
GD,2359
DP,3024
P.,1572
-y,2518
zi,7092
db,1609
pä,242
w.,16492
hw,2403
Ri,12581
23,3519
 Y,8270
np,4525
r;,1969
Ch,39042
Gu,5426
Dr,1824
Ji,575
mé,929
én,683
"z,",1721
EA,3290
AG,495
GG,211
GF,1134
F ,4047
2.,5582
Lu,5694
ux,4691
4-,5300
-1,1535
o:,793
07,7737
7/,2557
[S,15
C(,164
(9,965
)0,1002
0/,2982
/9,6805
29,2951
9(,769
(2,3192
2),3177
wp,698
yc,5628
 8,9871
81,858
1%,1691
P ,11931
6.,3492
Ce,10209
w-,4036
-h,3882
.7,985
7%,1293
4%,1158
%.,2964
t:,9193
-E,5656
d',7186
nb,3982
3%,1649
gf,866
yw,3138
Eq,2257
yd,2213
"""c",270
"u""",12
 :,233
y?,5294
kg,2320
vy,3457
37,2208
"c,",9757
nx,1143
u.,3936
.1,1198
ko,4895
"v,",538
hh,446
m:,1176
ln,5480
Da,9751
dk,344
kv,62
Sá,312
án,1736
e;,7260
u;,110
hj,48
Ro,18294
má,125
hc,5096
8.,3329
.2,1456
.),1764
Ad,4816
"g
",721
tf,5727
-p,8277
Bo,12105
Wy,474
lk,28884
Ah,728
"y
",512
69,873
85,1484
86,1081
8(,541
];,100
";
",2687
78,974
pk,247
 X,937
XX,160
XV,123
VI,1228
II,5237
EK,76
K(,2
74,820
1/,3129
24,3549
4(,502
87,959
Jo,6019
kh,3760
48,1659
0(,623
] ,426
(R,3504
7),1616
);,722
73,905
3/,2620
49,2002
CS,2096
SC,2318
(S,4322
Ai,2254
u',549
"""m",140
"n""",377
82,947
"""r",127
88,1081
UR,14781
 %,6323
3-,382
"5,",5050
1.,6845
2%,1472
1),3080
54,1127
PR,498
RE,2730
SS,613
SA,5043
G ,1334
"4,",4409
Ef,629
U',7622
Wr,1408
Gü,133
üt,46
bb,5824
fs,4530
f;,160
"b,",1125
ER,1923
RN,79
lz,2309
zm,53
LT,1203
TC,179
CM,454
M.,240
60,4430
 0,9815
az,9562
Hu,12908
aï,398
ïv,178
t;,4801
wm,674
ya,9309
sq,3032
80,4461
wf,1193
k?,565
EP,8251
Ps,4982
pb,797
c-,649
tj,118
sn,6259
wb,462
uz,1476
zz,1202
zl,772
bn,549
Vo,2047
ml,6615
-n,1569
nw,4580
wy,1419
xh,1709
m;,1136
1(,601
(3,621
3),1544
"),",5177
76,1020
62,1068
"2,",4941
uv,1571
vr,1301
yb,4937
e!,2198
"!
",10813
Fa,5241
SD,1656
D ,3795
dz,704
.4,1177
0.,7700
ah,9189
x-,1302
-q,1550
e:,10917
rö,1679
ön,460
70,3616
-I,794
Ir,25496
"""S",88
".""",305
"""
",371
p-,1934
30,10131
"%,",2242
iw,1132
-G,2998
Ka,5768
"""e",146
"d""",206
"t
",905
m?,1590
nr,6047
't,3313
-3,334
a?,1208
mt,332
"""f",177
lh,988
",""",36
s!,1971
"""l",105
"t""",314
""",",178
"I,",3309
ii,968
-J,442
Jø,158
ør,178
uh,536
js,497
i:,91
(F,6260
FR,5235
R),5009
I.,829
(I,4236
IT,4820
T),7339
l:,1588
0),1706
UC,847
CL,490
LA,2423
AF,2630
OL,2178
31,2784
F.,648
F',232
-k,1273
28,2848
(4,392
4),865
"""n",214
bé,52
éb,64
'e,1276
[l,7
r],16
"],",67
"P,",1948
IG,1645
GC,1648
-K,620
"F,",864
FB,63
BI,158
VA,2360
AT,6744
"T,",476
Sy,3273
iq,4619
tb,3092
Mu,6038
52,1212
w:,405
l?,1647
K.,517
77,888
-R,1725
"""b",138
(a,1329
n),2683
r?,2384
CB,2294
B ,3069
EI,2005
IB,1459
"B,",514
h:,795
VO,334
OT,347
TE,2327
"E
",135
l),491
-H,807
E),6618
33,1801
38,1799
8),1720
)1,75
)9,3
EX,544
XP,97
PL,4185
AN,1148
NA,4101
TI,260
IO,301
ON,844
NS,1286
OF,504
Ow,147
T ,4814
"""C",122
"e""",442
" ,",3045
"""E",270
O2,2572
57,1078
(k,14
"l""",139
"""U",13
Ur,704
Il,454
"""s",312
PT,3250
"""w",149
"s""",708
(H,2985
42,2078
26,2908
",p",2
ES,4749
SF,620
"""g",83
91,1785
Lä,134
r),1355
BB,197
pd,1946
(n,188
"""o",124
iè,478
èr,486
l!,385
Do,8647
WT,5864
TO,9301
O?,63
y),688
6),1505
Cl,4673
.8,718
8%,1049
.6,810
6%,1181
(c,671
.0,1604
Oi,279
tê,304
êt,443
pw,534
xx,45
tg,986
92,2314
p:,321
RI,628
IN,1926
w?,709
a-,3929
'.,7823
"a""",71
Bi,2545
",0",352
"""p",212
"""W",163
ky,2407
"?""",88
"""N",61
n!,930
"!""",49
IM,1691
MO,2511
"O,",1632
h?,750
-L,786
"""M",78
ré,634
ée,127
-F,426
dé,368
OP,812
PC,706
CF,2161
O.,1507
Ol,1785
67,1082
km,1900
z.,426
-A,2077
ED,2293
DD,298
NG,4126
GO,3026
Os,5062
"""y",103
TÜ,8
ÜV,6
"V,",345
-B,3215
GU,1117
UE,1924
E/,1148
/N,1455
GL,1092
L ,1674
vu,3386
g?,1543
V ,1710
(o,376
g),323
p!,88
z;,23
Ga,7887
'L,329
"A,",1623
'p,1890
/7,551
75,2194
b-,1434
f),356
TV,659
Ll,136
Ul,582
k:,603
"""d",139
uw,318
"k""",42
hb,8149
t/,556
rq,265
Cy,4983
AS,2480
(t,867
MA,1001
AR,1913
RP,116
PO,636
"e
",2417
'f,1218
FI,1912
IF,1505
FG,157
GP,601
FF,280
5b,98
"""L",44
"-,",496
Ky,3112
yl,9989
Bl,3715
.?,45
o;,533
g!,398
hq,1048
zu,1303
E.,686
.c,37
BP,390
BS,2278
kc,33
h;,705
k;,458
yg,903
f?,226
3?,74
aa,4075
k',2142
Ot,3402
EO,270
FE,689
FV,68
Ti,7135
(B,1841
B5,1657
kb,425
.3,2418
".,",695
H-,1529
):,1451
Ak,174
kk,297
ku,718
uy,3668
yu,349
tü,32
ür,156
 ?,529
öm,1194
Nu,991
NP,1096
Sl,4913
BT,143
TF,254
o?,1395
Yu,2709
k-,1942
79,906
?s,5
n­,5
­C,3
-C,2479
FS,1334
SP,2077
"P""",6
Im,2499
sj,102
Om,3059
Sö,283
öd,468
! ,302
"""I",176
"9""",5
32,1836
TA,2530
AC,6284
CI,2025
yr,5416
yz,433
zs,419
za,14080
Uz,541
zb,970
ji,1850
CH,1860
HO,1302
kd,1011
?e,2
"""Y",63
"""B",58
36,1719
lø,4
øn,38
2-,517
C4,1167
71,1037
SY,262
YN,200
)?,73
8-,786
(g,58
p?,362
Av,897
lé,452
és,705
39,1456
EQ,167
QU,93
UA,116
AL,2908
kp,1353
CU,2995
4.,3527
U),1549
xu,4439
41,1345
LE,1745
Op,2113
45,2281
(8,326
'c,2248
cf,36
46,1408
68,1019
IV,1575
51,1224
9],1
"]
",265
EM,3379
M ,2980
mr,250
-à,529
à-,525
DG,1042
Gs,225
td,595
-z,111
P-,574
GB,483
U-,3818
R.,284
Up,585
"""t",397
-S,2255
AO,659
'R,303
c',783
RD,874
DF,1015
F-,91
'r,1172
t!,1551
Bö,1088
ös,706
"""a",272
"h""",41
"""T",264
n/,346
/I,64
e/,208
Eg,2018
9%,866
UN,9462
NI,1251
IL,988
"L,",129
7?,49
Je,2819
dp,649
47,1244
l­,6
­-,2
l/,142
/S,137
Ya,562
aq,7936
q ,2906
lb,5994
Oz,31
z',374
uk,1575
Eh,83
-O,10016
 x,1328
Ic,888
sí,110
í ,154
JH,104
HA,976
A-,184
9-,367
I),1763
2(,610
"""j",15
RO,2886
DA,2176
kr,6574
kf,1700
SJ,26
J:,3
IR,322
RA,987
'E,1877
yh,227
'n,1958
[n,8
k],3
c:,207
gm,6125
Ed,1989
Sj,273
jö,291
c?,190
Lö,44
öö,31
öw,32
IC,2039
XI,216
X ,502
CA,4066
(5,441
IX,38
"X,",81
Ib,334
/6,344
.9,655
O',603
bd,899
KF,103
FO,791
OR,697
NM,153
MI,572
Rü,589
üb,545
NT,633
RR,242
EG,1396
G?,3
AP,3564
Ze,511
AI,1857
ID,1935
DS,1718
Et,920
"S,",1526
"x
",13
Dé,153
MS,556
TT,639
LI,964
s/,2270
EF,1083
FA,1009
MF,1101
G7,303
EE,2603
mv,424
'l,729
ND,713
èc,76
Kr,1292
RF,182
Pi,2678
vè,10
èn,84
 é,136
él,347
"é,",232
N-,232
g;,1182
"K,",697
x?,73
sò,157
òl,157
öh,143
h!,268
'g,847
Dö,165
ör,692
5),1170
lq,54
x!,18
"E,",913
oû,21
ût,21
té,346
év,218
.S,67
S.,1097
PI,270
RG,166
GE,135
EB,353
BA,481
hü,208
üs,230
Vr,139
zk,240
Cz,3362
zy,1297
dc,2361
oz,4123
56,1157
53,1058
"D,",413
FP,1112
PÖ,41
Ö ,31
 Ö,286
ÖV,26
VP,97
Ö?,1
i!,26
a:,860
0t,1115
Ö.,4
vs,556
r!,613
a!,140
Jö,222
"""G",36
(L,1695
râ,4
âc,7
'B,442
.',1591
"'
",1957
'i,1483
SR,380
 ê,26
"Ö,",3
-Q,552
a;,1367
'P,433
PV,368
VC,409
SV,1624
V),1934
kt,1077
hö,173
[1,108
09,6801
5(,602
CN,931
Ts,683
7t,162
4t,159
fm,135
Hy,237
MU,1715
"""A",113
/L,54
C?,41
(D,7136
(N,2693
NL,2507
L),8402
/h,115
"U""",47
éf,13
fé,55
ér,721
Ab,3220
T.,408
",
",716
o/,113
/F,42
"o
",143
59,942
0s,1945
IK,128
CK,18
d!,687
(E,7912
Dü,303
üh,465
NE,956
"R
",3
%-,20
-8,116
 £,187
£1,68
AV,347
VE,336
UL,153
TU,111
"0
",77
aç,193
ça,435
(',113
'C,715
0',231
'),188
"0""",30
o!,356
m!,255
'W,732
?',490
'I,1200
é.,69
'h,674
[8,22
z),27
",4",10
"""P",84
Ph,1107
"w""",32
(b,387
8:,85
y!,831
d/,581
/o,581
wk,218
1;,66
3;,67
w;,375
cN,174
61,917
(M,670
/4,596
'w,1029
A),1654
C:,16
"g""",90
C',202
(i,695
 ),141
"l
",159
QM,59
MV,67
/D,554
Vl,273
nç,195
ço,143
Pé,275
ét,371
-N,579
i',1831
NO,383
'T,1153
SU,182
"""H",54
wd,791
Ré,103
éu,96
pé,68
m),231
65,1409
m',1576
-V,196
zh,607
v ,2587
'H,329
Kn,415
nö,32
rà,23
às,17
)R,2
Nú,2
úñ,2
ñe,132
iö,196
öl,259
IP,1295
B.,449
I:,26
R+,62
+ ,451
+;,1
pf,1528
MP,543
LO,966
OY,3
YM,7
RB,264
"G,",145
"o""",95
N.,464
"+,",61
PA,1752
PH,741
rè,501
'o,1064
G.,121
+.,38
A.,1043
G',10
zw,39
Py,215
IA,1491
NU,438
UT,228
TS,1163
CP,3847
GI,201
éj,51
jà,28
à ,321
OW,88
W ,149
Kl,883
C),2163
5¾,1
¾ ,3
L.,81
3¾,1
DO,236
B2,29
-5,199
B1,38
1-,372
OC,385
UP,191
Fs,67
B:,14
'a,1791
/C,166
ST,492
Gl,2190
Gh,497
i?,83
Uk,5547
[g,2
t],42
[b,6
'q,59
'd,1118
oq,339
.i,19
'y,878
"""u",47
xm,15
0?,121
'S,612
"',",4688
i;,105
"1
",75
í',14
J ,227
(U,251
%!,28
A3,38
G!,1
(p,535
 +,234
P',235
Rs,141
GA,1074
(f,401
+),25
'A,1304
FT,1005
yf,99
GM,2271
2a,52
ög,557
f',316
"r
",233
Má,52
ár,228
Rh,365
TB,329
[ ,2
"""R",37
 ],6
oñ,50
ña,155
"m
",103
'D,340
ün,159
-W,1339
Ut,151
63,1029
",c",1
WH,490
(e,311
?),53
-T,897
",o",5
(6,143
(l,107
%?,66
cK,342
Bj,205
"-
",76
F?,18
Bé,190
ég,224
(w,602
zn,553
'b,1039
Iz,337
zq,304
OH,30
HI,1147
(O,404
M),207
dq,545
cè,6
ès,571
(d,1559
5º,7
Id,217
m3,46
Jú,23
úc,23
72,875
A4,1999
NV,66
I',209
",5",45
",3",16
84,824
TL,27
WI,486
WC,43
CT,1327
(W,248
WP,20
rz,2366
0a,238
KL,204
LM,50
"M,",293
OE,917
CD,1418
D',165
t­,3
­c,7
U/,248
/A,1547
DC,832
Cs,870
 $,132
$U,2
2:,211
"m""",69
TR,471
gk,70
OA,236
AU,163
md,41
NC,234
bæ,113
æk,115
0:,242
:1,30
4:,121
F;,22
5t,216
"q,",1167
a/,212
/M,217
6t,183
(7,89
9:,126
Ms,1448
(r,428
v.,228
)P,4
%),228
E',157
E:,18
.g,205
(G,707
P),885
"W,",25
IZ,15
ZO,9
YO,17
OU,47
TH,97
HS,121
RT,387
GR,182
bp,179
2;,57
"""z",8
bf,46
(s,781
xy,236
'N,418
Rw,509
Kh,826
 Á,217
Ál,177
Bü,33
ül,415
aº,1
º.,4
B7,292
A:,34
KA,40
tk,254
Mé,422
G8,648
"c
",23
HR,388
D.,279
hf,782
S-,247
.-,142
uj,352
bw,1743
O-,432
p;,471
uí,75
ín,742
Cô,417
ôt,422
Iv,734
6A,3
FY,397
YR,400
"M
",4
Sk,717
pj,115
lj,150
gb,292
M',59
jk,558
RC,695
fü,14
mü,13
b/,11
/l,90
)(,246
"S
",72
'Y,361
cí,431
ía,726
AQ,35
Q ,51
5g,13
cD,67
'u,423
/8,314
HE,208
NF,137
.;,16
TD,181
DI,533
ém,203
 É,61
Ém,2
ML,38
tx,34
"4
",59
SN,86
"5
",57
"9
",68
"6
",55
(u,70
bh,698
hä,88
wä,6
äh,5
7-,2042
U;,142
Za,1505
'M,504
 ;,100
$1,39
$5,14
Ug,454
--,27
wc,208
EW,46
BM,110
B-,55
bc,683
RU,113
Ej,37
Oj,104
sé,642
rí,527
KK,212
ná,303
Sv,206
A',346
NH,388
HC,383
CR,1057
pc,362
Mb,101
"h
",40
kx,381
w!,145
/R,60
-U,935
mh,151
C-,334
Oo,1036
sz,480
Us,574
5­,183
­0,181
c;,200
AA,229
PN,657
"""O",46
v),21
"""!",4
0g,46
Vé,46
"""D",47
/w,30
És,1
ET,1336
zc,95
iá,20
dó,19
óñ,3
ás,92
ué,416
f:,244
(y,11
u:,373
"O""",4
WE,395
-Y,31
-6,180
qi,1545
'O,268
Oh,127
lï,1
ïn,4
"""q",11
B/,4
 î,2
îl,3
Sè,18
èt,15
xn,18
5o,5
-9,838
7º,2
º ,15
CC,1307
RS,450
WW,24
WF,56
2n,86
Aq,104
Ig,213
c/,81
/f,46
né,176
hp,274
3:,156
6º,5
8a,54
(v,1177
UD,85
DB,115
B),261
L',72
tó,84
äk,148
jc,123
5?,51
tí,368
'G,279
"""k",5
 !,47
k!,191
LC,89
PB,19
tv,1435
yk,238
Lü,28
3!,8
Kö,37
ép,58
P?,45
!!,11
hé,250
Ns,243
)M,16
ó ,199
"ó,",62
6:,105
k),94
/p,121
f/,10
/V,81
Ie,28
R',73
'J,75
[f,5
m],5
[e,4
y],20
-j,339
CG,42
"C
",32
(m,281
?.,80
4?,52
3a,67
LL,34
GS,685
",'",112
2?,47
(V,195
u-,227
x',298
/a,40
mg,170
T3,2
G1,31
y/,155
Ox,221
£2,30
Ty,252
5:,160
6-,2063
t(,27
 µ,13
µg,14
g/,195
/m,88
1c,16
H3,6
N/,18
jt,581
FH,14
H ,640
?!,17
b:,41
LN,88
"w
",37
q.,1124
K!,2
Xe,183
fg,3960
mc,140
tæ,1
æ ,3
"f""",15
u),21
­P,2
u!,106
[E,8
P/,58
3b,46
Aw,137
"8
",50
Sn,24
'z,49
-7,104
1k,1
:-,4
· ,53
V(,6
KI,256
i­,1
­),1
)s,5
+5,25
HN,135
IE,219
"í,",36
K',156
7a,94
RY,19
Y ,171
'K,74
KE,147
k2,5
/r,116
r4,5
vn,66
DM,164
LU,77
"""F",50
[5,17
zó,51
M-,73
"""2",3
C/,72
/W,20
"x""",8
'k,80
I+,16
+C,5
6c,2
4a,57
(Y,5
"u
",33
vé,211
rá,103
z-,630
Vä,45
äy,39
"q
",25
ïr,47
q:,14
q?,67
OV,41
Aa,242
Io,113
OJ,47
JU,46
IU,164
"3
",49
"c""",19
)2,44
)6,11
f­,3
­V,1
B',413
D?,12
9?,72
P:,42
5a,59
)4,18
MG,91
MW,54
W',6
Ay,306
 Å,221
Ål,16
r/,112
rx,132
Ew,95
hk,207
RM,148
Ae,389
mà,51
"à,",94
/b,82
'v,273
Ks,11
[(,7
1A,38
PD,256
cM,296
0;,127
BF,15
xl,47
éd,221
K:,10
w),74
!),76
[N,6
.],110
q',164
V.,179
V?,5
'Z,23
D-,82
j.,14
)b,5
NN,108
2b,23
8c,6
LP,223
Wü,48
9a,60
aß,144
"ß,",57
ß ,96
E4,20
b;,41
E9,2
E6,1
éc,111
/B,61
BU,83
OB,48
vv,12
cA,77
F),770
eE,96
SL,715
Ny,95
Sé,44
ék,32
cd,65
.O,54
rj,197
j ,213
O:,23
E1,47
DY,5
YS,4
B(,10
0m,216
"k
",54
/s,91
Mø,14
øl,18
gå,5
år,3
Öç,86
PK,190
iy,276
"f
",38
£4,20
4m,20
SB,162
:3,50
:5,15
7:,108
:0,136
"""Q",6
"1""",4
"S""",7
C;,206
(0,71
'F,357
xf,118
Dj,174
nA,8
fd,34
V;,12
b?,47
Og,53
Öc,119
.E,71
gö,2
UM,150
MT,242
U?,203
)I,29
.a,35
MB,30
Bs,111
1:,190
xq,7
Yi,109
",?",5
DU,143
[t,32
n],26
/O,110
"p
",57
"7
",49
Gö,260
Fä,150
är,172
ÅU,64
'à,13
f!,87
E­,21
­D,15
.T,213
Uc,35
z?,17
c!,49
KW,4
Ry,159
zv,33
8t,125
ü ,4
"q""",1
fí,5
íl,16
sä,23
äl,89
lä,97
"ä,",27
ä ,40
",t",11
2½,4
½ ,14
"b""",3
3r,97
DH,142
HL,18
èg,41
9;,47
!',332
Sb,49
Eb,234
 Ø,19
Ør,18
9t,259
GN,915
BE,222
A1,45
A2,36
OK,146
Dy,155
bk,501
kj,143
jæ,110
ær,112
"(""",10
""")",10
i),144
mw,87
Od,228
b',104
mè,30
[Y,1
e],45
6;,70
.A,71
9',37
1a,132
0­,3
­1,1
4;,60
U:,102
Dn,36
zp,153
cn,28
MD,411
DL,39
nå,2
ås,17
4+,2
+1,69
Ds,90
Mü,242
Yv,24
Ló,208
óp,210
Án,17
Bh,192
1b,55
/t,48
íg,72
0A,10
V/,451
5m,61
x:,71
2m,26
1?,33
Pö,266
öt,319
"""5",2
5+,37
1m,6
IY,9
 à,121
fk,70
)E,5
uq,150
zf,94
cS,58
OI,151
CJ,317
JD,75
DN,267
//,28
Z ,35
eA,35
FC,391
Xu,11
mq,9
XU,6
"i
",70
R&,207
&D,457
JR,51
5;,63
N1,128
m/,95
SI,1133
TG,42
GV,145
V-,85
0!,12
Ör,23
eå,27
å.,8
%;,92
OX,109
BN,95
FL,175
QA,4
QL,2
AE,339
G-,58
NR,725
X.,45
/Å,4
ÅC,3
(!,21
'é,167
3t,50
$2,21
0b,18
PF,142
Qa,422
8;,49
/d,59
1',36
"j,",55
[2,200
uç,9
Lj,79
tá,605
"á,",123
",.",28
)B,3
­B,9
:F,2
 Ê,3
ÊÊ,3
ÊÅ,3
"Å,",1
Å ,2
.o,41
e­,7
­b,4
/G,60
[.,103
jn,115
CV,103
Vs,128
UF,144
v',117
AM,346
WA,199
fn,150
yy,99
O),2238
MH,62
P4,11
7',28
sú,23
ús,16
ió,87
'V,59
 Ì,14
Ìa,5
[h,10
[a,127
[i,17
f],4
"""8",1
v1,1
rô,14
ôs,2
DV,57
VB,12
HP,87
V',16
oC,22
AY,6
YE,13
EV,102
V1,21
"C""",3
8C,2
Gy,255
D/,496
/T,40
(J,86
[B,3
s],39
(h,88
)7,23
S?,54
 Í,46
ÍÁ,23
ÁÔ,23
ÔÏ,22
"Ï,",5
Ï ,16
Ï.,2
PU,24
uê,6
ês,8
B4,1599
pC,9
AW,63
g+,2
"O
",5
O;,43
6?,63
N;,19
E?,16
hú,7
ú),1
"U
",56
Xa,66
äu,56
eL,46
Rå,1
åd,1
1t,50
Ep,136
8A,10
­2,5
TP,179
MR,250
rü,192
üc,26
K),1068
R/,16
B9,4
jv,185
añ,171
o­,5
­e,2
iã,64
ão,340
aT,3
Ia,109
7E,2
)o,3
MC,232
DT,126
R-,36
",:",1
"""V",14
/P,85
Pf,74
tà,128
/c,67
x),144
.K,8
Ok,29
)w,5
)T,11
)W,5
!],6
 á,16
á ,241
1+,22
-Z,34
sv,179
yx,15
­E,7
n1,11
P!,6
hô,39
ôn,40
Ek,64
.I,162
.R,7
U­,2
­t,1
C6,706
1N,95
d1,3
aC,15
vl,44
M3,26
wu,75
Té,12
B3,69
/.,16
./,20
:L,1
lù,1
"ù,",1
'ê,91
B8,3
1B,37
 /,44
/ ,55
EH,55
.D,12
I5,5
I6,2
Hü,150
RL,120
A?,40
e(,46
S',87
O1,6
År,127
(j,17
Wä,2
A/,47
tä,62
ät,74
(Q,7
Q.,14
Hé,42
lè,53
eß,41
ßl,114
TM,204
0],2
o),121
)-,29
)J,4
tL,5
LB,18
O9,2
Éc,1
.n,7
HM,17
6a,57
b!,27
LR,95
A;,27
q;,32
W.,73
C1,15
q!,13
Ö-,1
äi,24
""":",7
A7,25
fj,17
)e,2
bä,8
/k,138
­s,3
p­,1
s­,6
d­,3
­p,2
k­,1
­g,1
Zu,85
"A
",8
­M,2
/q,9
"N""",1
h/,73
 &,120
& ,102
/U,111
9o,2
1¼,1
¼ ,1
o1,9
AZ,45
ZT,6
t1,8
'U,158
"""K",2
Zo,278
ím,6
iñ,115
ño,129
[7,13
é:,3
Ii,37
KO,55
MM,79
'j,105
í.,16
ís,56
é',58
ÅE,2
dC,13
fó,28
L-,7
Sü,16
üd,20
WG,1
GW,20
WR,57
g],8
 `,3
`c,1
r´,1
"´,",2
£6,10
£3,21
[s,13
[v,2
/H,137
GT,125
)[,2
]],1
gé,24
S:,21
Zb,14
SG,173
lí,107
vg,72
'X,8
X',22
Z',5
bá,129
 Ù,1
Ùn,1
ót,10
VV,146
R1,10
Zw,33
qa,21
Bá,11
8B,3
JS,16
EJ,24
J-,4
)N,1
gè,11
àt,4
)D,2
ià,5
só,127
ós,56
VN,7
R;,10
pz,39
eç,1
çà,1
là,105
"à""",1
d],22
J.,116
"2
",62
/e,76
dí,11
ww,70
t2,2
.u,3
h),134
0d,5
IQ,9
'9,17
ÔU,1
lS,4
JE,111
VX,5
cG,205
")""",6
mö,27
"ö,",5
ö ,24
[p,6
l],6
Ft,3
JA,66
/g,20
"I
",53
ló,59
óg,17
G),509
pA,5
Ng,56
P­,2
a­,4
rã,134
VM,46
Dh,64
8m,12
3m,10
gw,81
'5,12
'6,19
'7,7
Vu,55
""";",8
RK,71
 Ü,10
Üb,6
üf,41
-),7
VU,3
U&,24
&I,13
 «,1
« ,1
 »,1
» ,1
hg,114
Á4,4
 Ô,1
Ôh,8
KG,82
aS,3
Ui,101
Tü,9
j?,1
jj,11
Dm,33
"Q,",15
R:,3
oN,20
Ao,50
HT,14
C0,16
x;,59
Tb,84
Ml,126
éz,9
TN,20
mó,52
Gd,192
NW,17
Mà,1
2',45
BD,179
sA,4
S/,41
TW,22
oë,80
ën,7
KR,14
T-,110
cò,133
"ò,",45
7ß,5
7â,4
â ,2
"â,",3
"H,",147
 Ï,1
Ïá,1
áT,1
rç,108
.f,5
"""J",4
sã,1
BL,30
CW,54
ÉÌ,1
ÌÏ,1
)Y,2
"""1",9
é-,106
P;,46
[o,19
6F,1
[A,13
2c,11
[9,11
VD,149
Um,95
XA,1
fh,32
ní,52
íc,23
Hæ,4
­m,1
B6,410
ÌÅ,2
ÅD,2
D;,22
"6""",2
ån,4
PG,80
s·,1
"·
",1
gz,8
tÝ,1
Ýs,1
ÉÉ,6
É ,2
N?,27
xs,12
mí,36
ír,33
2­,1
.C,36
"""(",1
ól,23
1p,5
Ip,6
Xi,165
Qi,87
Tc,6
gp,29
Dz,36
P2,2
P8,15
P7,171
 =,8
= ,17
$ ,63
Kü,9
 À,1
Àr,1
Fh,4
Ár,3
':,144
3G,48
B;,17
G0,1
EZ,47
Z.,9
T',55
/i,47
e[,1
Rí,26
ío,65
Iñ,14
z!,10
.s,18
i/,17
X-,32
Mö,30
bâ,3
pn,63
.t,61
.:,8
 ­,2
­­,2
­W,1
Sã,52
aë,7
ël,24
K-,27
mS,5
3s,5
K;,7
Éi,24
Tz,44
LV,537
W;,4
kö,19
öp,23
oã,19
Y.,36
vc,65
iæ,1
HD,20
DZ,6
Xh,4
v-,32
Aï,2
ïd,11
å ,20
Uu,5
Gn,15
BR,375
.b,12
.p,12
cT,3
0p,15
Øy,1
có,15
át,24
uñ,34
Ró,6
ód,11
Y),34
[0,16
Y/,1
/K,17
FM,142
LG,81
­ ,1
cé,23
LF,60
Gé,51
àn,2
'â,1
ân,21
ò.,11
C!,2
5s,21
OG,126
­l,1
rä,135
[O,1
S],2
yv,12
GY,42
ái,97
",w",12
y­,3
5',26
H/,4
x(,1
8r,1
M?,8
Sq,130
1­,14
på,1
 ä,1
vä,3
[c,9
Mm,32
gv,9
­I,3
[I,10
h],13
S;,39
O/,22
'1,35
'?,208
Vb,2
M/,27
rú,75
ún,622
Y',9
/J,54
.d,15
"Z,",16
oB,3
;.,4
P6,38
J',13
ZN,7
)5,12
(),58
.(,132
WO,7
"B""",4
fc,35
Fy,20
MN,27
K2,19
[6,6
LS,63
Ls,131
éa,68
BV,22
V6,5
T4,1
s[,3
"R""",1
[w,12
7+,6
cV,22
eñ,19
à.,11
­3,1
iº,1
"M""",6
Uf,43
­i,2
aí,78
jó,9
fá,13
cm,41
"T
",9
.U,12
dô,1
£7,6
iA,1
-:,2
­d,2
3',43
ñi,45
Fé,118
éi,141
Kj,39
4',22
cL,4
ór,63
DK,32
Ös,8
Rø,24
øm,23
)8,1
6b,13
3º,1
:P,1
E;,13
Ás,1
p/,10
bH,6
Lt,19
L&,2
&H,1
)',47
y(,7
Hj,5
'Q,26
'3,14
eó,16
Gó,9
óm,7
"E""",3
o+,13
gj,16
$7,5
lá,256
ác,273
D],2
g­,1
­S,4
"P
",16
Tó,4
èv,14
D:,18
"v""",1
-',15
Oe,200
Lé,178
Zr,30
6+,3
+%,1
­f,1
dB,14
Zü,14
1d,6
"%""",6
Zy,5
Mí,7
ít,26
"I""",9
-.,306
.w,20
éo,135
( ,43
-(,128
":""",1
7o,2
)S,3
mk,134
",8",9
"""Ï",1
Ïß,1
ßì,1
ìï,1
ïé,1
 ç,3
ç ,4
 ô,1
ôÜ,1
Üë,1
ëá,1
áé,2
éí,1
íá,1
"á""",1
Uy,133
ój,1
[P,17
2R,3
R4,21
Sí,4
IH,86
Mk,4
6m,15
íz,2
Mú,4
úg,4
éh,4
tå,2
åe,1
­Q,1
bø,4
F1,13
6s,5
",,",8
[U,4
KT,4
:/,26
n_,1
_s,1
x_,1
_e,2
.h,3
G4,12
oP,9
VT,4
"3""",1
KU,5
Åc,2
Jü,23
[r,4
(Ö,4
(.,88
 Ñ,1
Ño,1
5!,6
)!,6
G5,9
mä,162
P3,21
S2,6
aB,126
ò ,70
ò',12
Ee,26
ò?,1
)/,15
.B,17
'ü,1
Ey,52
Kw,28
zg,9
Zh,72
pW,3
O3,1
hè,14
èl,15
sx,5
ZF,34
lF,11
aE,14
Ld,5
Ln,3
SH,26
H2,3
få,1
rê,14
où,3
ù ,2
Nî,3
îm,3
.M,30
VG,3
Ö),1
)u,1
Bè,4
Ss,59
Xt,6
áb,111
[3,3
";""",2
hK,4
"H
",4
T?,16
`3,1
Vá,84
mã,55
Dä,6
Gm,11
Hå,1
væ,2
Næ,2
æs,4
L?,2
I-,122
s2,8
JC,3
Vt,12
ï ,51
"É,",4
É),1
",9",5
",1",17
",2",12
Ik,11
0M,3
Lh,26
d´,4
´s,15
e´,3
((,13
"""?",4
"T""",2
HG,127
nè,47
Zs,19
JF,4
FK,3
eï,8
ïl,5
oM,77
i2,27
2i,5
äf,72
r[,1
/u,13
HF,66
F6,9
8b,41
%',15
[H,4
"]""",1
bg,25
yj,19
9m,14
H),23
Ía,2
dã,1
0l,1
AJ,6
"J,",33
VF,22
D6,16
Ax,38
ò),2
E[,1
jd,86
[T,22
eS,34
RW,81
1[,1
m[,1
]C,1
s(,62
PM,207
rA,6
TK,8
(K,41
4o,1
"i""",6
/n,16
a(,51
vó,1
0N,1
7;,63
ZA,25
Nc,4
Dd,1
ó.,6
aó,2
 å,4
åõ,1
õ÷,1
÷á,1
áñ,10
ñé,2
éó,1
óô,1
ôþ,1
"þ,",1
z:,34
R3,7
Tá,31
hE,22
Eo,45
nú,5
ú ,26
iú,32
úi,27
ád,29
gc,17
ú.,4
tú,29
pá,4
R0,1
à:,1
)A,2
[M,10
[L,4
I;,20
Mè,5
èz,4
.!,12
5A,1
5B,5
m2,50
(Á,8
Á5,5
T;,15
]?,2
g3,1
7m,13
4b,12
oD,8
eC,144
E3,12
d(,7
';,223
BO,53
uë,4
ë ,7
SK,1067
2],4
n+,82
+2,169
SÏ,1
ÏS,1
Ìu,1
Ì2,2
Ì3,1
Í2,3
M1,59
S!,2
ÌE,3
IÉ,1
ÁS,1
SÅ,1
ÅÌ,1
Ì ,1
N2,5
D!,4
C2,6
2D,2
"""Å",1
Åí,1
íü,1
üò,1
êá,1
áê,1
êï,1
ïý,1
ý ,28
 ì,12
ìý,1
ýñ,1
éá,1
 Ý,1
Ýð,1
ðï,1
ïí,1
íô,1
ôá,1
"é""",3
kæ,1
Ws,7
6',26
WS,16
",6",12
L5,1
BG,445
Ud,24
á.,33
cz,468
Cí,1
"'""",5
K4,10
J?,1
(?,24
?E,5
kW,12
W/,1
"?,",42
Nd,5
9A,16
A(,26
"""'",3
:2,18
?u,5
+D,24
xw,11
zà,1
àl,2
JP,149
XY,1
)c,2
)d,3
?U,144
Iu,8
Hr,35
Ez,4
RV,15
dF,4
eV,8
Fá,15
K/,7
?h,23
uá,15
ói,16
 Ó,68
Ó ,56
?5,25
I(,44
d4,1
2E,2
o@,1
@e,1
NB,14
??,192
C3,5
Cá,15
oH,50
2H,1
2B,188
r1,7
0O,1
VH,18
rò,4
òn,2
3e,1
Pv,9
vd,11
dA,8
[D,9
iG,5
[m,4
qs,9
?M,6
jm,60
öe,4
gó,34
G6,10
oI,6
nU,3
l(,16
v;,4
Vd,1
[G,2
n´,5
c2,2
N:,9
6],2
2!,4
[F,1
.J,12
jl,21
XE,22
RÍ,1
ÍO,1
Yl,2
lö,10
5°,9
° ,40
 @,2
@l,1
@L,1
há,190
áv,140
à',21
?S,5
1!,7
Jé,3
áz,22
?i,16
mz,12
y1,4
BJ,8
ß.,7
"4""",1
ß',17
M6,1
bê,5
?r,3
NZ,3
.W,49
ß-,2
I?,42
-X,7
Ét,7
Pn,4
2t,35
Lm,8
zì,1
ìl,1
W3,1
3C,1
eI,3
[?,4
?],5
"""6",1
Aj,52
?:,2
kó,12
s´,3
´w,1
H:,6
Sf,12
kP,1
nE,30
d@,1
@y,1
N+,81
?C,7
?o,3
½%,2
zt,31
cH,2
?P,4
?a,6
kå,2
?n,2
"""X",1
"X""",2
eá,20
Cú,2
hí,9
-É,2
hó,7
dá,19
lú,2
 ó,14
úp,7
gá,3
pó,10
íu,4
'',60
"""0",2
Ij,2
ví,11
[d,7
w],5
FJ,1
?t,12
úa,6
Pê,3
êc,5
öb,3
'!,54
zè,155
?g,1
?Q,7
UX,12
XO,3
+3,46
R?,10
lü,67
[W,6
Él,17
F/,22
·-,3
M5,3
cú,557
OO,18
cù,3
ùn,5
gø,5
v:,8
3D,8
Lv,4
?F,4
Gb,95
ké,73
ï.,9
jb,1
]),5
'[,18
k/,43
[y,1
 ½,6
0+,5
?w,1
/(,3
èb,2
FN,56
?b,1
A6,462
.N,9
vk,30
AK,67
KP,52
?W,1
nü,1
 ü,1
t´,2
.G,31
.P,19
kõ,2
õi,3
sö,2
fä,4
b4,1
]',17
pú,3
úb,9
dè,5
"Y,",31
Ås,10
/v,7
FD,329
%o,5
3A,7
ó',14
ïe,1
[',12
'],11
UU,129
yá,85
êm,6
8',35
?3,3
á',36
",-",1
VR,34
F:,19
Sz,279
c],4
NQ,1
A+,17
+',8
oR,42
(q,9
WU,5
j',11
'Ü,1
cI,83
m1,1
m8,1
ïf,52
e1,11
1J,3
üm,84
B?,19
q-,7
lB,24
8!,8
MK,27
o],4
uP,2
sì,3
ì ,3
 ¡,5
¡B,6
Y:,1
 \,10
\u,1
u8,1
2\,1
\',1
'2,44
2d,3
hD,32
?d,1
oº,1
º5,1
Hö,125
vá,330
S3,7
KY,5
2G,3
5G,3
iF,69
eG,32
eH,10
eB,9
4!,3
?V,1
W),24
Kf,8
]e,2
v?,3
IJ,2
Jz,2
I],2
I/,11
M2,58
?y,1
U2,39
/?,4
H.,145
jã,2
öv,13
q),6
Có,35
2s,4
?c,1
aú,21
úl,23
èm,12
D4,6
D5,6
Sø,46
yL,5
?1,2
?2,3
?7,1
1C,2
1D,1
D(,1
1E,1
E(,10
1F,1
F(,4
1G,1
G(,1
1H,1
H(,1
1I,2
äc,20
zí,1
?á,1
ám,16
?j,1
Oa,11
Vö,6
tö,8
Z),9
UG,4
Ví,13
Ín,2
yö,32
£5,18
x%,3
R5,1
aN,9
3d,4
út,2
RH,5
KC,7
já,63
-?,4
UB,22
Hm,28
äm,124
l0,1
éq,1
Év,3
[R,3
P&,7
&O,4
)a,5
Üs,3
kü,4
WM,33
?-,8
'É,3
Éq,1
Jä,62
äg,5
hã,12
ã ,3
3c,3
Kv,2
.L,18
E!,4
à),3
ß),1
AH,30
Qs,9
Zn,1
Ub,7
FU,5
cp,1
",h",3
]o,2
r+,1
YP,2
Íñ,16
çã,8
Bw,2
JI,10
]h,6
O],1
jp,5
'è,3
è ,7
iù,2
cö,1
öi,2
sü,3
jz,11
òp,2
:.,3
Mò,1
òd,1
Nà,1
ài,3
Rì,1
ìo,1
zr,13
åb,1
xí,1
4A,10
 æ,1
"æ,",1
 ø,2
ø ,2
'-,32
ræ,1
çe,1
ív,24
ïs,4
G2,921
G9,11
4G,1
0°,16
°C,112
B&,2
&Q,2
Q/,1
'8,9
  ,33088
  ,32028
5 ,813
 S,1563
ök,124
 –,33699
– ,33990
 ‘,8642
‘i,295
y’,3621
’.,2301
r ,13094
 P,6060
’s,28235
e’,6009
‘n,617
n’,8728
t’,3926
–A,3
‘p,367
’ ,8698
9 ,278
 F,754
s’,6335
 L,540
8 ,410
 O,308
d ,266
 –,1222
o ,434
7 ,380
 M,2027
- ,68
 i,181
s ,2761
 -,68
 Z,76
e ,1393
– ,1212
 b,630
t ,715
 t,330
 o,261
 h,80
n ,671
y ,417
 a,523
 l,45
a ,459
" ,",1
y–,5
–i,15
 n,145
4 ,402
 p,194
g ,87
w ,26
l ,238
l’,1557
h ,305
 A,607
R ,1705
 4,361
0 ,2246
 6,249
 W,400
3 ,531
 0,1544
‘I,193
?’,116
"’
",395
‘c,386
 s,145
U’,1798
 m,1346
 B,1695
 E,268
 k,47
%:,20
k’,399
 D,651
 T,377
‘N,113
 ’,35
‘E,421
i’,300
‘f,264
‘m,252
(Α,36
Α5,18
‘B,120
g’,487
 G,580
 C,716
"’,",1514
 d,202
‘t,611
‘b,259
 I,307
 J,960
a’,1401
 w,228
 c,173
 1,1253
k ,24
‘s,545
o’,868
‘a,382
d’,1113
A’,89
‘S,163
h’,305
r’,1909
1 ,1121
 V,425
 8,198
‘o,269
p’,313
‘3,5
3+,12
+’,6
 2,1310
‘e,225
w’,241
‘h,136
’n,1
 K,530
‘2,9
2+,10
  ,647
 v,82
 R,530
K ,26
 e,46
z ,44
 Y,53
u ,28
m ,351
i ,85
 U,117
b ,2
 …,145
"…
",153
… ,69
f ,102
v ,1
 N,435
 H,380
N ,13
% ,10
 Ν,87
ΝΑ,88
ΑΤ,87
ΤΟ,87
Ο ,52
‘d,209
m’,313
‘g,158
’?,47
q’,62
’a,22
S ,34
 Q,27
‘y,284
z’,62
",M",3
P ,62
 r,61
 3,421
6 ,365
D ,134
2 ,562
.–,176
f’,39
[…,6
…],7
‘l,126
‘P,99
’),33
‘A,129
 Ε,296
ΕU,295
F’,65
u’,63
:(,1
 9,174
 7,208
6o,4
‘C,192
‘W,234
’l,8
‘O,52
.’,270
 5,382
Cé,8
‘’,50
(‘,18
‘F,73
‘r,237
x ,26
n(,56
 y,222
kz,2
x’,69
’A,17
 :,2
‘D,67
‘q,22
‘[,19
‘G,75
I ,193
 (,7
E’,21
G ,5
2’,15
5’,22
P’,29
",’",23
‘M,114
FΑ,3
ΑΑ,1
Α),2
’t,43
‘T,255
‘u,82
g(,32
rR,3
 f,80
G’,2
3’,8
QS,9
L:,3
yM,2
Tö,5
:w,1
I’,33
D’,32
t—,14
—i,16
R[,67
p],103
]D,67
!’,74
‘U,23
’E,13
O’,101
y—,6
‘w,246
’;,79
Τh,53
rB,9
c’,191
N’,88
tR,2
v’,28
‘V,16
–I,15
 u,13
 j,14
qo,1
8’,7
T],2
[‘,1
e…,8
s…,11
…’,10
’],1
‘L,98
S’,27
 “,40
“T,1
.”,17
"”
",20
‘v,45
C’,20
’I,32
‘R,51
‘j,30
’:,48
) ,9
“r,1
t”,25
” ,135
 Ι,30
ΙV,2
Nk,26
6’,6
", ",39
 q,9
",y",2
’ ,11
 g,33
? ,1
é ,6
’!,15
rP,8
VW,16
EY,4
YF,2
‘Y,61
’p,3
ò’,6
fp,4
Dá,16
eM,7
0’,29
eT,12
rN,1
–M,41
]’,6
",b",7
",I",9
F ,6
 —,2
— ,2
P9,1
c ,11
‘H,62
T ,6
E ,14
gT,1
UI,21
L ,2
‘Q,13
rC,24
 %,30
V ,1
q ,4
w(,19
Ο.,12
. ,176
–G,2
–T,22
"–,",4
0–,11
–2,64
4–,3
ó’,6
7s,4
TY,128
e°,1
°9,1
Ua,29
úr,20
nó,9
Mh,5
Ío,2
 í,5
bP,1
hÉ,8
 ú,1
úd,2
oí,5
dú,5
A ,13
WL,16
)f,2
–.,6
…[,1
sR,1
-‘,3
 Κ,4
ΚΕ,2
ΕΚ,1
Κ.,1
Ο',2
’h,2
gI,1
 Â,16
Âi,1
",a",9
p ,18
2–,1
–1,5
lò,12
íb,2
‘z,13
P[,2
]O,1
GQ,5
9’,2
rF,1
–W,4
3–,1
h…,1
n‘,2
"‘,",4
!?,1
Pă,1
ăt,7
Rà,2
àd,2
"!,",6
h–,9
–w,6
£ ,3
 ‘,3
B’,62
)m,1
 ·,1
r–,17
?I,3
8+,5
‘8,4
 +,24
+ ,8
1’,10
",q",1
sS,2
H1,96
nο,1
ο ,3
-/,2
N3,3
ët,5
‘.,15
0k,9
4’,8
Pá,33
 z,17
: ,5
hA,4
]I,1
O ,1
! ,2
(Ι,11
ΙΝ,10
ΝΙ,10
Ι),10
C ,7
PQ,1
ić,178
ć.,17
ć ,129
"ć,",49
U´,3
–y,4
Hs,15
‘…,10
…t,1
"‘
",1
(…,8
…),8
à’,4
M’,8
jø,2
tè,3
;a,2
8–,4
g–,6
á’,4
!;,1
Pο,1
οu,1
H5,24
5N,20
H7,2
7N,2
–3,1
4c,24
‘J,13
s–,10
’m,7
n[,1
l…,1
SZ,14
ZÁ,1
ÁF,1
eš,83
š ,70
Ó ,12
 Ó,9
bú,1
"ú,",2
ΙΙ,21
Ι.,6
6S,2
5k,2
‘K,9
’ê,5
tF,1
fb,8
)’,22
’c,12
’i,16
’é,10
H’,6
 .,37
H',2
",i",4
‘ ,10
tO,1
––,46
s‘,2
d‘,1
–t,17
“t,5
l”,14
“e,1
Mz,1
’r,4
Hh,1
%–,1
mõ,1
õe,2
n—,4
—O,3
š.,2
R’,7
Ιg,1
ič,173
čk,5
kI,1
“s,6
“S,1
e”,34
”.,49
–c,10
o(,2
J),26
aş,36
ş ,45
c—,1
—s,1
Tj,2
rί,1
ίa,1
T1,4
K’,27
"Ο,",19
öy,4
kä,122
Fg,1
dL,2
N°,1
 Τ,13
b’,16
d…,2
Ön,2
T’,5
Cè,1
"è,",1
‘(,3
)j,1
yW,4
‘k,10
7G,1
?(,1
CΟ,1
ΟΜ,1
Μ(,1
iC,18
+6,4
pv,3
lã,3
ΙΜ,2
ΜΟ,2
GH,69
Hz,44
 …,34
Pó,2
.%,1
….,1
Ο?,4
9–,2
 Μ,4
Μr,1
–4,2
n–,17
iP,28
tI,2
t+,4
Ün,1
.Y,5
’-,3
V’,2
"(,",1
'Ν,1
rO,1
yà,2
 ’,2
’y,1
hê,1
ên,1
–F,1
:‘,1
Jó,36
óz,33
tő,6
őf,4
tC,11
bó,56
 Š,466
Šl,1
Já,138
tė,115
ė ,17
oč,145
čn,144
vč,3
ča,28
vt,30
hv,116
sł,48
ła,109
"z
",18
ký,58
"ý,",33
HZ,4
ZD,6
ík,45
ää,59
aš,41
še,75
Šv,2
 Č,33
Ča,3
oA,4
–u,6
“W,1
d”,10
"”,",41
“C,1
n”,24
Zá,84
ká,143
Kó,44
sá,89
uč,29
če,85
áš,79
šk,39
Šk,3
w…,1
o…,1
C[,3
]J,3
—S,1
–e,6
A8,10
ñs,1
‘Z,1
–B,4
k–,1
w–,2
—t,3
"ï,",47
üp,74
NK,15
fI,2
l–,8
–b,6
t–,15
–C,4
%’,5
cJ,9
‘!,1
í’,1
aü,18
Wł,2
;’,20
‘9,2
Gá,108
 Ž,32
Žd,37
$3,7
8s,5
o–,4
–s,9
–P,3
–f,3
Sd,23
U–,5
Jv,1
a–,6
–p,5
P+,162
‘x,2
7|,1
|2,1
2e,7
Ι ,15
P–,1
• ,71
 Ż,3
Że,3
e–,15
–m,2
-–,3
M ,3
Lá,41
–d,5
 Š,25
Šp,318
J’,8
7–,46
–U,1
–g,1
 X,8
–o,3
G/,8
Åk,1
zé,31
–r,4
–O,9
ï’,4
 Κ,1
Κo,1
i–,3
–E,2
ał,60
ło,47
3S,1
Öz,28
zd,31
št,73
ań,237
ńs,239
nė,49
P5,8
5_,2
_T,11
á:,1
Pę,12
ęk,12
Qâ,1
âz,1
ΙΡ,2
ΡΑ,2
Α ,7
 —,489
— ,490
HQ,8
2°,66
Áv,1
",n",1
’(,1
iS,9
óv,6
j),2
Ká,21
íč,33
’’,4
aś,9
śn,12
iš,56
oś,37
ść,35
 Є,1
Єв,1
вр,1
ро,1
оп,2
пе,1
ей,1
йс,1
съ,1
ък,1
ки,2
ий,1
й ,3
 п,1
па,2
ар,1
рл,1
ла,1
ам,1
ме,1
ен,2
нт,1
тв,3
ві,1
іт,1
та,3
ає,1
є ,1
 д,4
де,2
ем,2
мо,1
ок,1
кр,3
ра,4
ат,1
ті,1
ію,1
ю ,1
 в,2
в ,2
 У,1
Ук,1
аї,1
їн,1
ні,1
і!,1
łę,28
ęs,29
nF,1
eO,1
YU,2
oł,6
łó,1
ów,38
’w,2
sP,7
;t,2
",7",5
BH,1
cB,3
 Ś,11
Św,12
oğ,72
ğa,71
 Ç,60
Çi,62
 Ö,5
eľ,82
"ľ,",33
oš,73
ší,19
ė.,22
ZU,1
vb,2
WN,1
"ė,",94
eP,24
;',58
?O,1
'…,2
Εu,3
n…,3
* ,7
)…,1
S$,41
øv,1
"–
",1
a],8
]n,3
gο,1
ο.,1
H?,4
üg,55
nC,11
Oś,1
św,1
ię,3
ęc,2
1–,1
‘‘,3
7’,6
:',3
 ',3
e+,28
E+,92
a2,1
B+,3
+E,3
( ,2
nă,80
ău,169
nK,15
QC,2
Sg,5
 º,1
Rz,4
2A,12
–‘,1
U ,5
uł,4
Wö,14
nR,7
.y,2
iń,50
0X,1
X%,2
 €,50
€2,8
2º,9
hz,3
fê,5
’N,1
1],2
3],1
6…,1
g…,1
“i,1
s”,38
“m,1
y”,29
“L,1
”’,5
(+,11
u/,9
1½,3
áč,17
“c,2
aR,1
l9,4
–h,3
t…,1
‘1,5
1w,1
ľ ,36
ľ.,10
Vc,1
“I,1
h(,1
oï,11
ïk,4
ók,82
KV,6
ß’,1
‘ ,1
Κe,1
pH,3
ő ,6
L’,6
é;,3
cb,2
ač,8
jś,7
śc,8
SΡ,1
ΡS,1
LW,11
óa,3
´ ,1
–a,9
",s",2
Vy,8
bü,3
"ñ,",1
rā,1
āj,1
",m",1
Pä,3
Št,8
‘6,1
6°,6
9°,1
/Μ,3
Μy,3
'4,8
á ,1
nP,14
Α6,9
nO,52
oW,11
oK,3
vR,1
uT,21
bC,1
oS,11
d2,4
:4,18
Bř,17
ře,27
rL,4
:t,1
a3,2
Yá,9
“n,4
rK,1
’T,1
Ν+,5
IW,9
O!,6
o[,1
]p,1
dI,5
Tm,2
 Ő,20
Őr,79
 Ő,59
WB,2
aâ,19
âl,2
u–,1
o”,14
tW,3
fM,45
–Τ,1
U1,13
d–,1
4I,2
(Ε,7
ΕC,5
’H,2
yY,1
oň,8
ň ,4
€1,14
“w,1
h”,2
d—,1
—m,2
a´,1
f…,2
…p,1
…d,1
8…,1
…1,1
…w,2
…N,1
’/,1
 Ρ,3
ΡΝ,1
ΝR,1
Ih,3
",F",1
-Ν,2
dž,45
ži,33
Ρa,1
s¹,2
¹(,2
či,75
iū,36
ūt,37
",)",1
4x,8
x4,8
Zī,27
īl,27
'Ó,2
Óg,2
zę,2
9º,1
 Α,7
yA,1
; ,1
m–,4
 Ľ,3
Ľu,3
…s,1
F4,1
’U,1
wé,7
'x,4
lM,2
p–,1
/Ε,5
ΕE,3
eł,8
łu,3
oń,7
"ń,",25
ć',12
sI,3
:6,7
:7,2
hâ,4
ât,10
rů,1
ůž,1
žk,1
“u,1
“o,1
…m,1
y…,1
"…,",2
jč,20
H[,1
]M,1
)l,1
ΜΚ,1
ΚΟ,1
Οs,1
%(,1
Km,1
aî,3
ît,9
 ―,58
― ,58
fz,5
ši,64
sè,23
“l,1
VΙ,1
T9,3
U3,2
A9,2
yń,57
ł ,10
6–,8
–0,8
s+,3
äs,32
‘7,1
ΜE,1
“d,4
++,8
9B,5
Zl,1
N5,3
Rá,14
Zó,2
E2,4
´É,1
6C,1
rč,43
U!,12
ė’,2
‘-,1
YA,2
)p,1
A*,2
"*,",2
B*,1
C*,1
*),1
uź,4
źm,4
cł,45
H;,2
t3,1
UJ,11
8°,1
aM,5
a…,1
´’,1
Fj,85
–H,2
–v,1
r(,9
–S,2
KS,4
MY,9
YK,1
K?,18
eň,14
ňo,13
.F,15
Šť,7
ťa,7
ný,9
aľ,6
ľo,2
aD,2
rQ,1
zM,1
iM,3
Cd,3
UV,36
nœ,4
œu,7
"Ι,",4
AX,11
.‘,1
3½,2
½-,1
ža,15
Ós,9
6!,4
nV,3
7A,7
ľm,1
vý,1
ýz,1
é’,4
šo,15
“B,1
°.,2
BY,1
Y’,1
’e,1
lą,2
ąg,2
ń ,80
 −,57
− ,57
7°,4
–8,1
5–,3
–6,1
B ,6
SΜ,5
ΜΑ,8
ΑΡ,5
"Ρ,",1
Ρ ,4
 [,2
] ,3
",j",1
' ,2
-’,2
’6,1
)g,1
i(,2
Τu,1
ľa,5
äß,100
‘4,2
bz,5
3˚,1
˚C,2
SW,395
Bě,1
ěn,1
iH,2
(“,1
”),5
Gk,26
—o,1
2C,9
“A,1
Vě,1
ěr,1
− ,4
 −,4
T/,13
 Î,2
Îl,2
)t,1
ôm,2
7½,1
HK,9
"V
",4
HB,11
ć’,4
Že,5
ý.,4
lč,10
čy,10
nč,3
ču,2
rž,2
žu,10
eś,2
ś ,1
Čy,1
"č
",2
Šy,2
dź,10
źk,1
čo,91
"č,",48
tł,1
U…,1
Ο-,6
-Ε,3
é(,1
(Ν,1
–R,1
ΑΜ,1
"Α,",1
D+,8
+I,2
](,2
X ,1
Zg,2
“a,1
€ ,7
–V,1
 Ş,12
Şe,6
q(,1
iř,7
ří,9
jš,1
ęb,4
"`
",1
 x,2
s—,2
pâ,5
°4,2
j!,1
0B,2
V:,10
g1,2
" 
",2
–l,4
ΕΙ,4
ΙD,1
… ,1
´E,1
Lí,19
.H,9
kł,8
Pü,1
–5,2
—a,1
fö,4
şc,6
M;,5
 Ž,11
Zd,24
é),2
":,",2
8d,4
m…,1
Nx,1
Fü,154
r2,1
r…,1
…o,1
/Z,1
“M,1
 œ,3
œn,3
Ná,2
ož,19
ž ,6
ń.,8
4—,1
[],1
…a,1
£8,4
yB,12
až,2
že,3
ių,2
ų ,2
nä,31
s1,1
G3,5
5J,1
iž,6
žn,5
 δ,2
δε,1
εί,2
ί ,1
δή,1
ή ,1
 χ,1
χρ,1
ρη,1
ημ,1
μά,1
άτ,1
τω,1
ων,1
ν ,1
S+,6
eş,24
–D,2
e—,1
—b,1
X),40
oç,1
uß,8
DJ,2
Gg,1
“R,1
r”,18
áj,74
N6,1
lN,3
QF,67
QR,2
 µ,1
U”,1
7!,3
kç,1
 İ,1
İl,1
şb,1
uğ,1
"ğ,",1
/…,1
…/,1
c–,1
“N,1
’D,1
“p,1
cô,1
é!,2
k‘,1
8o,1
)i,9
A],2
HU,1362
2o,3
3R,2
yź,1
źn,1
iç,6
Aş,5
şç,5
çi,12
u1,1
1e,1
Μe,17
Só,93
”',9
€5,8
bT,1
KN,7
ΙΤ,4
Τ),1
Τ?,1
Τ ,2
5p,6
aP,3
tE,2
T2,11
",W",1
uš,17
šķ,3
ķi,3
FW,3
WD,5
Df,1
Sä,1
L/,8
",]",1
wz,7
 Β,9
Βa,1
 Н,1
Не,1
ез,1
за,1
ав,1
ви,1
ис,1
си,1
им,1
ма,1
ая,3
я ,3
 г,2
га,1
аз,1
зе,2
ет,1
а ,4
fx,2
j/,3
ş-,11
",[",1
3B,9
Ue,1
çı,3
"ı,",1
ı ,3
vP,1
vB,1
ý;,1
;0,1
aβ,5
"β,",1
β ,4
ß;,1
Zm,4
aǔ,1
ǔ ,1
ź ,5
võ,1
N@,2
@E,2
4s,9
V8,1
Eł,2
łk,5
3H,2
ák,46
oß,2
ße,1
í-,1
ă ,14
до,2
об,2
бъ,1
ър,1
р ,1
"н,",1
aţ,11
ţi,10
До,1
бр,1
ре,2
е ,1
ош,1
шл,1
ли,1
"и,",1
(Ο,5
Β6,6
cx,3
cá,5
é/,1
h1,2
tB,11
y2,5
G:,3
lT,1
Tt,1
ó;,2
g”,6
IΑ,1
gC,3
áf,3
M[,2
]A,2
(Β,2
Pô,1
ôl,12
e3,1
a+,2
XW,1
nQ,1
+7,2
ė',23
üç,2
çü,2
ük,5
yü,7
(x,2
CΙ,1
ΤΕ,1
ΕS,1
Uš,6
tš,6
šõ,6
õk,6
(Z,2
oF,1
Mt,6
aň,48
ňk,48
Ög,3
'0,5
7D,4
tA,2
Bí,3
Ní,3
 ο,3
οn,1
E_,1
_D,2
r8,2
Mw,7
mB,2
Tõ,1
õn,1
äe,1
+i,1
T[,1
]T,1
T:,5
"v
",5
7p,2
eë,2
ëe,1
mj,2
jh,2
JK,5
'”,1
UH,10
ãe,12
"ä
",2
e4,22
 č,1
ýc,1
lů,1
ů ,1
°c,4
7b,9
IΙ,1
Κr,1
Vă,45
ăl,52
và,2
'(,5
xO,1
óc,75
ý',5
"b
",2
O+,1
+\,1
\G,1
rū,5
ūn,15
hI,1
2S,4
'ý,1
'ú,1
JL,3
Nh,3
nţ,26
ţo,1
şk,1
Mă,19
lă,3
ăi,11
iţ,2
ţa,27
8O,1
V4,2
wq,2
tD,5
e=,15
=O,2
OQ,1
Q&,2
&r,4
8&,1
&l,4
=P,2
"L""",2
:8,2
ä.,7
yF,2
+/,4
/-,4
Ái,1
/y,6
Y],1
F0,1
l_,2
_p,2
ć?,1
d¹,1
¹),1
Lw,4
wó,4
Hl,3
Zî,1
Mä,3
?;,1
UO,2
zú,2
 Ţ,106
Ţi,106
că,110
ïo,1
JT,23
T+,3
Rö,6
ČE,5
Če,17
'Č,7
Zk,1
Pł,1
€4,3
pè,1
v!,3
Ht,1
čá,15
xb,1
ßu,2
.x,1
x0,190
m”,5
Ε1,1
Ys,1
nS,15
ć),2
R2,2
yP,5
?l,7
g=,2
=2,2
2&,1
&p,5
m=,2
=I,2
Dw,5
(X,6
Fó,1
"X
",3
oG,3
ä',2
BZ,3
e2,3
"á
",2
Qo,3
6_,6
3w,1
)r,1
Šu,1
Dî,1
în,2
"j
",1
8=,1
=1,1
7=,1
=9,1
tã,2
 Đ,12
Đe,11
ZP,4
ă-,1
tă,7
ăn,25
°N,1
°S,1
şv,1
iT,6
ΑC,2
ył,3
-;,70
1”,1
9e,1
"D
",5
"G
",1
"J
",1
Tő,39
ők,39
üy,1
nı,1
ıt,1
ež,1
žj,1
ił,1
łs,2
dS,3
!”,4
íd,2
kš,7
dë,2
ër,3
v/,3
Bū,1
öz,1
 ”,4
”U,2
B!,1
"(
",1741
n°,1
şe,14
?”,5
nš,29
ša,34
2”,2
ZM,7
b],1
ΚΚ,1
Ε ,1
r°,4
°D,2
č ,55
°M,1
0”,2
€6,1
€3,3
jä,3
zj,7
P1,10
čí,6
ág,6
Şa,2
Ób,1
&R,1
a”,5
°F,1
BK,4
K9,25
KB,4
+4,5
9!,5
H8,1
Q4,3
dı,1
ın,1
zą,5
ąc,6
UÇ,1
ÇK,1
Bú,1
S&,262
&T,8
YC,2
tø,2
jr,4
ół,8
lý,3
w”,1
f”,4
Qt,4
g2,1
8E,1
sø,1
β',1
qt,2
$6,7
 А,1
Аn,1
nа,1
 М,2
Мa,1
č.,10
jy,17
è',1
\ ,1
eţ,4
ţu,4
gü,5
şa,3
iş,81
"ş,",44
Aç,1
çb,1
ZE,9
a§,1
§.,1
V3,3
uş,42
.<,1
<0,1
3°,2
âm,2
mă,1
uż,2
ża,4
bč,6
šš,1
šá,1
Dl,2
ľ',1
+8,3
(-,6
pí,1
oL,28
łg,2
oU,5
aO,1
=S,2
&i,1
d=,3
\o,7
XB,9
Ép,1
U@,11
@1,11
ßn,2
sE,39
Y-,1
äd,3
ñu,1
oş,96
şi,82
ęt,2
X;,2
4D,1
nà,1
vf,1
-ı,1
şo,52
2˚,1
 Ģ,2
Ģi,2
zł,2
áh,4
NY,3
Są,1
ąj,1
jū,1
ūd,1
uń,1
vǎ,1
ǎc,1
"°
",7
 °,55
"ž,",1
rš,13
€8,1
/',3
 ß,2
 β,1
yí,1
eč,5
”;,1
/j,4
tP,5
RQ,1
uI,2
žb,1
mT,1
Mą,1
£ ,1
yè,4
Dă,10
Q),1
ZW,1
eN,1
pê,2
rM,1
"K
",5
Bă,34
ăs,37
Ág,12
JN,14
Zv,28
t_,1
_o,1
f_,1
_G,1
a_,1
_(,1
i_,1
_t,1
gâ,2
'œ,1
 ş,1
Tv,2
4½,1
CZ,11
Př,2
íp,1
Ér,7
yS,1
ră,1
ΜΝ,1
ΝΤ,1
cǎ,3
ǎu,3
ób,11
w/,3
 Ł,10
Łó,8
"ź,",3
zö,3
XT,2
TΟ,1
S1,2
vň,2
ňa,2
V5,1
”M,1
Sâ,29
âr,31
ZC,1
JO,14
LK,2
RZ,1
YI,4
Éd,5
Dǎ,1
ǎi,1
Tâ,4
k”,1
3”,1
”=,1
=.,1
/X,1
X/,1
)C,1
tě,1
ě.,1
PW,2
Gw,1
G;,1
a[,1
lė,10
p”,1
iê,3
TX,1
:b,1
Śn,1
'/,3
€7,2
"B
",3
kę,1
Tx,1
áľ,1
Hn,1
oî,6
Mě,1
ěř,4
]/,1
RÓ,1
ÓP,1
IÁ,1
ÁR,1
€9,3
şt,9
kB,2
ës,59
'+,2
už,1
žo,2
Bt,5
ål,2
)%,1
új,1
3x,8
x2,8
öf,1
Nü,3
ΡP,1
PΕ,1
Ε-,1
DΕ,1
"Ε,",1
 º,8
eX,2
/z,1
jí,1
"Α
",1
"F
",4
V2,3
Gő,1
őg,1
áp,1
 ±,1
±1,1
vī,1
īn,1
Šn,1
tG,1
í:,1
3E,4
dč,1
 Ř,2
Ří,2
sU,3
rE,2
Vj,1
”P,1
8h,1
'í,8
Tă,4
ăr,1
gú,1
m³,1
³ ,1
HV,5
cE,1
i],2
]t,1
kż,1
że,2
ją,1
óż,2
żn,1
aI,2
oE,11
Pī,2
īk,2
të,2
ëv,1
Gj,3
y_,1
_L,1
ńc,4
fâ,3
ľn,1
N8,4
ö.,2
łb,1
iś,2
śl,2
 ś,1
dł,1
bł,1
 ł,1
łą,1
Łą,1
]l,1
QI,2
mţ,2
ţ),1
"ţ,",1
+R,2
vš,1
mě,3
ři,8
ać,2
ć:,1
cj,4
ă),4
ţ ,1
sê,1
pô,3
dř,7
Мi,1
.k,3
EÚ,1
Ú.,1
x/,3
/x,5
rē,1
ēd,1
Cœ,2
Tě,2
ěš,2
ZK,6
ΕΜ,2
ΑS,2
Nt,6
eń,5
X:,1
Łu,2
qq,2
tM,3
=T,1
A&,4
1&,1
"ň,",3
ň',2
"ă,",5
.Q,1
Či,3
č-,1
áĉ,1
ĉe,1
Dǐ,4
ǐm,4
F2,2
°°,2
Α.,1
é?,4
 _,1
_P,1
tò,1
ùl,1
pü,1
yG,8
.v,2
Nj,6
yJ,1
Mã,2
Sł,3
o2,2
Še,148
Ža,1
lç,3
ΙP,3
-Ś,2
Yp,2
Z?,1
οC,2
C7,208
yE,20
íž,1
ně,1
"ě,",1
úv,1
šč,1
Β.,1
Hí,1
Pú,2
tç,4
Vī,3
īķ,3
ķe,3
TÉ,1
Α7,8
4°,1
.l,4
p=,6
=e,4
e&,22
=5,3
tY,3
Y9,3
&s,3
h=,3
=d,1
=a,2
k@,1
@j,1
s_,3
_n,1
ź.,1
kV,5
ől,1
uǎ,1
ǎ!,1
ží,1
g4,2
4S,2
D&,6
M:,4
Cv,3
L1,1
èq,2
fč,84
Ür,1
vz,1
'Ε,2
Ευ,1
υχ,1
χα,1
αρ,1
ρι,2
ισ,1
στ,1
τώ,1
"ώ,",1
 κ,2
κύ,1
ύρ,1
ιε,1
ε ,1
 Π,1
Πρ,1
ρό,1
όε,1
εδ,1
δρ,1
ρε,1
ε',1
.V,5
áu,27
7d,11
kR,1
uć,1
ćk,1
eđ,1
đa,1
8e,4
7e,2
7_,4
8R,2
rę,3
dă,6
ă.,2
Nl,2
¡v,1
ağ,1
ğı,1
ış,1
Ád,9
eď,2
ďa,2
Că,6
Bâ,2
âs,1
r0,1
PJ,1
Iw,3
ş.,10
HY,1
jg,3
0y,2
BW,3
Ję,29
ęd,29
 σ,1
σι,1
ιδ,1
δη,1
ηρ,1
ρο,1
οκ,1
κέ,1
έφ,1
φα,1
αλ,1
λο,2
ος,1
"ς,",1
TQ,4
Xy,73
Há,1
ZZ,3
iņ,2
ņš,2
"š,",2
šn,9
gė,3
eY,1
uG,1
A!,1
+?,2
rT,1
Đi,1
nđ,1
đi,1
kū,10
ė-,9
ėn,9
Fâ,1
tâ,14
",d",1
bí,1
nB,6
č',3
Né,11
Το,1
 ε,2
ευ,1
υρ,1
ρώ,1
ώ ,1
ίν,2
να,1
αι,2
ι ,1
 τ,1
το,1
κο,1
οι,1
ιν,1
νό,1
ό ,1
 μ,2
μα,1
ας,1
ς ,1
μέ,1
έλ,1
λλ,1
ον,1
ν.,1
 *,2
"*
",2
[J,2
ń',1
cã,1
ãu,1
čm,1
ş',3
šp,2
0o,1
pė,3
ėd,3
S”,1
Jy,3
fW,8
yő,97
őr,97
.r,2
m²,9
² ,8
vp,1
Β7,3
qb,2
+:,1
7x,1
x3,1
dŵ,1
ŵr,1
cş,1
Αk,1
Wl,1
dż,1
 •,23
gł,13
 è,3
ÜM,1
CY,2
Hă,1
ăh,1
hă,1
č!,1
łe,3
n&,37
öj,1
NX,15
XL,4
i%,1
%C,2
%9,1
9F,1
n%,1
%8,1
3u,1
g@,4
@s,2
@S,2
Öt,1
vž,1
dT,2
 О,1
От,1
те,1
еч,2
че,1
ес,1
ст,3
во,1
о ,1
 о,2
ас,2
сн,2
но,1
ос,2
ти,1
и!,1
На,1
аш,1
ши,1
и ,3
 т,1
ан,2
нк,1
 н,2
на,4
 ч,1
чу,1
уж,1
жо,1
ой,2
 з,2
мл,1
ле,1
е!,2
 П,1
Пр,1
ек,1
 и,1
го,1
ор,1
рд,1
да,1
 с,1
тр,1
а!,1
Ты,1
ы ,1
от,1
ве,1
ча,1
ае,1
еш,1
шь,1
ь ,1
 ш,1
шу,1
ут,1
тк,1
ко,1
зл,1
ло,2
сл,1
ов,1
вь,1
ье,1
Ök,1
Öe,1
ây,17
mā,1
ān,1
sī,4
īt,4
I!,2
iL,44
Mǎ,3
ǎn,3
VL,3
L(,1
lż,1
żb,1
rë,5
cë,1
l%,1
n4,1
4d,2
.º,1
º-,1
Ct,7
tH,7
:a,1
äb,1
 Ć,1
Ćo,1
Lz,1
nő,1
mê,2
]:,4
",”",1
 ʻ,1
ʻD,1
t=,5
=r,1
pū,1
ūc,1
dē,1
ēs,1
fA,1
jü,1
fS,2
kė,1
ės,1
vė,1
ėž,1
žy,1
Lø,6
øk,6
 ​,8
​​,8
​i,1
4B,2
7g,9
​t,2
äx,1
xj,1
​b,2
KD,17
-Č,1
ČS,1
aZ,1
dö,2
lő,2
5c,2
yé,1
uș,1
șe,1
¡M,1
";,",1
0S,2
-Á,1
fæ,1
oV,2
Şı,3
ık,3
Şi,1
ğl,1
 Ð,1
Ðj,1
j:,1
lì,1
iE,4
Tō,1
ōh,1
kő,4
ő.,1
"ő,",1
3g,1
1g,3
9g,1
ʻ7,1
4[,1
8[,1
”?,1
rG,7
ČR,11
tř,7
R°,1
°b,1
eR,1
U0,1
°J,1
ią,1
ą ,1
Bq,2
=R,2
T&,2
=A,2
4&,1
=D,2
\t,2
"""_",2
_b,2
7&,1
5C,3
Uo,1
gB,1
"%
",2
iB,1
hB,8
wv,1
HH,2
Εγ,1
γκ,1
κρ,1
ρί,1
νε,1
ετ,1
τα,1
ι',1
ły,4
:H,1
H4,3
7k,1
P],2
​f,1
yõ,1
õr,1
​e,1
:),1
êp,4
​o,1
sû,1
ûr,2
oș,1
ș',1
_-,1
-_,1
_C,1
4l,1
aņ,1
ņa,1
'Υ,3
Υπ,3
πέ,3
έρ,3
ρ!,2
'Κ,3
Κα,3
ατ,3
τά,3
ά!,2
'Α,3
Απ,3
πο,3
οχ,3
χή,3
ή!,2
ρ',1
ά',1
ή',1
².,1
b(,8
ė),1
LJ,1
ąd,3
ł.,1
šu,1
ł),2
Gł,1
aż,1
aź,2
źd,2
Uw,3
sB,13
7U,1
sK,1
VK,1
Gä,1
äv,1
mC,1
0w,5
Bä,3
9b,26
qv,117
tJ,6
9f,3
3N,4
2J,4
3K,4
3L,1
ßb,3
$8,5
XC,1
4i,1
&#,189
#x,189
;s,135
aH,11
0c,25
Nw,1
Kä,3
;l,1
èd,44
D3,15
;E,1
?T,2
Q-,1
Q?,1
kU,4
sV,1
ÖS,1
zA,1
c(,9
9d,3
aô,1
0D,11
;n,2
tU,1
-é,2
hW,2
4P,1
GX,6
Zé,5
D2,3
VS,19
z/,2
/Ç,1
-Ç,1
s&,28
R9,1
0f,3
Sû,1
ñá,1
cR,3
Añ,34
L4,2
r&,11
J3,4
d&,10
y&,6
h&,1
c&,1
a&,3
t&,12
l&,7
dN,2
eW,1
áe,1
Uv,2
lC,1
0u,7
0r,6
I0,1
p&,3
lD,3
JV,2
i&,9
lP,1
M7,2
àv,4
9j,26
j(,13
9l,6
9c,8
ìg,11
XF,1
Pì,1
ìa,1
hG,1
eK,1
;I,1
;b,1
;M,1
;w,2
"à
",1
rS,1
;N,1
;T,1
;u,1
K1,6
K6,5
0R,1
hR,1
£9,3
Bf,1
-Ö,1
;B,1
;c,1
D1,4
-x,3
0x,1
m(,1
 §,3
§ ,3
Nö,1
øs,1
9J,2
J(,2
9K,2
H0,3
;Q,1
$4,9
aG,2
9k,5
k(,4
æl,2
!.,4
ºN,2
0$,1
$0,1
eé,1
nã,1
ãn,1
"å,",4
rI,2
"å
",1
sC,4
0v,2
9C,4
çu,7
øu,1
pö,2
K3,4
nJ,1
J7,1
J2,2
cw,1
M4,1
8j,1
6e,1
xG,1
Cf,1
J1,7
wë,1
 Ä,1
Är,1
Wë,1
më,1
lë,2
ëi,1
ÜS,1
4C,3
æe,1
oJ,1
o4,1
üe,2
Q(,1
sJ,2
u(,1
lR,3
så,16
Bå,1
1f,1
ºF,1
$9,2
(Â,1
Â4,16
lå,1
C&,1
k&,1
L!,1
iI,1
lI,2
nD,1
7C,1
ñó,2
cà,2
ïc,1
J5,3
éL,1
L6,1
vC,8
c4,1
Mâ,1
nT,1
óe,1
"""x",1
sG,4
TZ,1
6p,1
2©,1
© ,6
£I,4
0\,3
\9,4
7\,1
\2,1
\E,1
8\,1
6\,1
d\,1
Td,1
-$,1
Bó,1
oâ,1
âo,1
nM,2
F3,1
SQ,1
uJ,1
tq,1
5h,1
"ì,",1
S0,1
nº,1
vö,1
Åb,1
y8,2
h2,1
l3,1
r3,1
0W,1
ïm,1
1©,2
 Ú,1
Úd,1
dE,1
5©,2
wH,2
1i,1
B0,6
XS,1
Ké,1
gH,1
Jò,1
òz,1
"º,",1
oà,1
bö,1
9©,1
oO,1
Ég,1
Q',1
oä,1
äo,1
Åt,1
LY,1
lx,8
"Y
",1
3k,1
8N,1
;r,4
;d,1
åt,2
KM,1
1º,1
Aé,5
3X,2
Js,1
4M,1
gL,1
tõ,1
9h,1
H6,1
MQ,1
(§,2
§2,1
§3,1
wA,1
gä,1
-£,1
ú',1
wü,1
nI,7
yZ,1
VQ,1
l+,3
qw,1
Pt,1
&A,1
Y2,9
2K,9
må,1
mI,1
Uh,1
Mg,1
çá,1
Uj,1
)G,1
!-,1
àc,1
sM,4
iß,2
F5,2
%i,1
zä,1
"""3",1
>Q,1
v0,1
0i,1
(è,1
èp,1
C9,1
r@,1
@r,1
­4,12
 ¾,1
=s,20
U=,2
r=,2
 >,5
>o,1
s=,6
>R,1
A=,1
n=,7
>T,2
y=,1
l=,2
LQ,1
QO,1
:T,1
"A""",2
r­,1
Hô,1
W-,1
zü,1
mæ,1
h­,1
>w,1
"K""",2
bè,1
èe,1
